"search-number","evaluation","evals-requested-so-far","cutoff12*","cutoff23*","cutoff34*","tauN*","tauU*","randomLinks*","closeLinks*","sortingprice*","pReverseSorting*","sigma*","randomseed?*","rs*","steps*","recalculateNit?*","homophily?*","random-seed","min-result","max-result","mean-result","stdev-result","final-step-result"
"1","1","350","0.305","0.5950000000000001","0.985","0.5","0.8500000000000001","0.1","3","1.05","0.1","0","false","100","105","true","false","""1994155702""","0.570492","0.570492","0.570492","0","0.570492"
"1","2","350","0.305","0.5950000000000001","0.985","0.5","0.8500000000000001","0.1","3","1.05","0.1","0","false","100","105","true","false","""829354711""","0.569399","0.569399","0.569399","0","0.569399"
"1","3","350","0.305","0.5950000000000001","0.985","0.5","0.8500000000000001","0.1","3","1.05","0.1","0","false","100","105","true","false","""-1782862738""","0.595082","0.595082","0.595082","0","0.595082"
"1","4","350","0.305","0.5950000000000001","0.985","0.5","0.8500000000000001","0.1","3","1.05","0.1","0","false","100","105","true","false","""-1696060066""","0.603279","0.603279","0.603279","0","0.603279"
"1","5","350","0.305","0.5950000000000001","0.985","0.5","0.8500000000000001","0.1","3","1.05","0.1","0","false","100","105","true","false","""-1783359203""","0.610383","0.610383","0.610383","0","0.610383"
"1","6","350","0.305","0.5950000000000001","0.985","0.5","0.8500000000000001","0.1","3","1.05","0.1","0","false","100","105","true","false","""-2141491760""","0.586339","0.586339","0.586339","0","0.586339"
"1","7","350","0.305","0.5950000000000001","0.985","0.5","0.8500000000000001","0.1","3","1.05","0.1","0","false","100","105","true","false","""1404279458""","0.597814","0.597814","0.597814","0","0.597814"
"1","8","350","0.14500000000000002","0.125","0.845","0.1","0.6000000000000001","0.1","3","1.05","0.1","0","false","100","105","true","false","""-821214030""","0.819672","0.819672","0.819672","0","0.819672"
"1","9","350","0.14500000000000002","0.125","0.845","0.1","0.6000000000000001","0.1","3","1.05","0.1","0","false","100","105","true","false","""2060319752""","0.820219","0.820219","0.820219","0","0.820219"
"1","10","350","0.14500000000000002","0.125","0.845","0.1","0.6000000000000001","0.1","3","1.05","0.1","0","false","100","105","true","false","""2091748565""","0.824044","0.824044","0.824044","0","0.824044"
"1","11","350","0.14500000000000002","0.125","0.845","0.1","0.6000000000000001","0.1","3","1.05","0.1","0","false","100","105","true","false","""-1094279073""","0.827322","0.827322","0.827322","0","0.827322"
"1","12","350","0.14500000000000002","0.125","0.845","0.1","0.6000000000000001","0.1","3","1.05","0.1","0","false","100","105","true","false","""1467332941""","0.813115","0.813115","0.813115","0","0.813115"
"1","13","350","0.14500000000000002","0.125","0.845","0.1","0.6000000000000001","0.1","3","1.05","0.1","0","false","100","105","true","false","""1462655762""","0.822404","0.822404","0.822404","0","0.822404"
"1","14","350","0.14500000000000002","0.125","0.845","0.1","0.6000000000000001","0.1","3","1.05","0.1","0","false","100","105","true","false","""1348882203""","0.818579","0.818579","0.818579","0","0.818579"
"1","15","350","0.405","0.925","0.625","1","0.35000000000000003","0.1","3","1.05","0.1","0","false","100","105","true","false","""-1944189797""","1.04918","1.04918","1.04918","0","1.04918"
"1","16","350","0.405","0.925","0.625","1","0.35000000000000003","0.1","3","1.05","0.1","0","false","100","105","true","false","""-467454146""","1.101639","1.101639","1.101639","0","1.101639"
"1","17","350","0.405","0.925","0.625","1","0.35000000000000003","0.1","3","1.05","0.1","0","false","100","105","true","false","""-615708418""","0.954645","0.954645","0.954645","0","0.954645"
"1","18","350","0.405","0.925","0.625","1","0.35000000000000003","0.1","3","1.05","0.1","0","false","100","105","true","false","""581006589""","1.042077","1.042077","1.042077","0","1.042077"
"1","19","350","0.405","0.925","0.625","1","0.35000000000000003","0.1","3","1.05","0.1","0","false","100","105","true","false","""-1684387400""","1.006557","1.006557","1.006557","0","1.006557"
"1","20","350","0.405","0.925","0.625","1","0.35000000000000003","0.1","3","1.05","0.1","0","false","100","105","true","false","""-1426107131""","0.953552","0.953552","0.953552","0","0.953552"
"1","21","350","0.405","0.925","0.625","1","0.35000000000000003","0.1","3","1.05","0.1","0","false","100","105","true","false","""-1363770516""","0.953552","0.953552","0.953552","0","0.953552"
"1","22","350","0.215","0.165","0.6950000000000001","0.45","0.4","0.1","3","1.05","0.1","0","false","100","105","true","false","""687414714""","1.104372","1.104372","1.104372","0","1.104372"
"1","23","350","0.215","0.165","0.6950000000000001","0.45","0.4","0.1","3","1.05","0.1","0","false","100","105","true","false","""2075670665""","1.161749","1.161749","1.161749","0","1.161749"
"1","24","350","0.215","0.165","0.6950000000000001","0.45","0.4","0.1","3","1.05","0.1","0","false","100","105","true","false","""1902662126""","1.112568","1.112568","1.112568","0","1.112568"
"1","25","350","0.215","0.165","0.6950000000000001","0.45","0.4","0.1","3","1.05","0.1","0","false","100","105","true","false","""1840851995""","1.080874","1.080874","1.080874","0","1.080874"
"1","26","350","0.215","0.165","0.6950000000000001","0.45","0.4","0.1","3","1.05","0.1","0","false","100","105","true","false","""2054820743""","1.080874","1.080874","1.080874","0","1.080874"
"1","27","350","0.215","0.165","0.6950000000000001","0.45","0.4","0.1","3","1.05","0.1","0","false","100","105","true","false","""-1615869445""","1.069945","1.069945","1.069945","0","1.069945"
"1","28","350","0.215","0.165","0.6950000000000001","0.45","0.4","0.1","3","1.05","0.1","0","false","100","105","true","false","""382769268""","1.12623","1.12623","1.12623","0","1.12623"
"1","29","350","0.155","0.435","0.885","0.55","0.8","0.1","3","1.05","0.1","0","false","100","105","true","false","""-135139387""","0.315301","0.315301","0.315301","0","0.315301"
"1","30","350","0.155","0.435","0.885","0.55","0.8","0.1","3","1.05","0.1","0","false","100","105","true","false","""1492955558""","0.315301","0.315301","0.315301","0","0.315301"
"1","31","350","0.155","0.435","0.885","0.55","0.8","0.1","3","1.05","0.1","0","false","100","105","true","false","""197153099""","0.354645","0.354645","0.354645","0","0.354645"
"1","32","350","0.155","0.435","0.885","0.55","0.8","0.1","3","1.05","0.1","0","false","100","105","true","false","""1277676807""","0.395628","0.395628","0.395628","0","0.395628"
"1","33","350","0.155","0.435","0.885","0.55","0.8","0.1","3","1.05","0.1","0","false","100","105","true","false","""-783309603""","0.352459","0.352459","0.352459","0","0.352459"
"1","34","350","0.155","0.435","0.885","0.55","0.8","0.1","3","1.05","0.1","0","false","100","105","true","false","""-1677242421""","0.274863","0.274863","0.274863","0","0.274863"
"1","35","350","0.155","0.435","0.885","0.55","0.8","0.1","3","1.05","0.1","0","false","100","105","true","false","""-954618963""","0.338251","0.338251","0.338251","0","0.338251"
"1","36","350","0.495","0.495","0.665","0.6000000000000001","0.25","0.1","3","1.05","0.1","0","false","100","105","true","false","""-1076562274""","1.05847","1.05847","1.05847","0","1.05847"
"1","37","350","0.495","0.495","0.665","0.6000000000000001","0.25","0.1","3","1.05","0.1","0","false","100","105","true","false","""2003752779""","1.073224","1.073224","1.073224","0","1.073224"
"1","38","350","0.495","0.495","0.665","0.6000000000000001","0.25","0.1","3","1.05","0.1","0","false","100","105","true","false","""1492456794""","0.999454","0.999454","0.999454","0","0.999454"
"1","39","350","0.495","0.495","0.665","0.6000000000000001","0.25","0.1","3","1.05","0.1","0","false","100","105","true","false","""-1165948574""","1.091257","1.091257","1.091257","0","1.091257"
"1","40","350","0.495","0.495","0.665","0.6000000000000001","0.25","0.1","3","1.05","0.1","0","false","100","105","true","false","""-2059729840""","1.122404","1.122404","1.122404","0","1.122404"
"1","41","350","0.495","0.495","0.665","0.6000000000000001","0.25","0.1","3","1.05","0.1","0","false","100","105","true","false","""1643551868""","0.987432","0.987432","0.987432","0","0.987432"
"1","42","350","0.495","0.495","0.665","0.6000000000000001","0.25","0.1","3","1.05","0.1","0","false","100","105","true","false","""-178314190""","0.971585","0.971585","0.971585","0","0.971585"
"1","43","350","0.085","0.205","0.825","0.2","0.65","0.1","3","1.05","0.1","0","false","100","105","true","false","""-1093090801""","0.762842","0.762842","0.762842","0","0.762842"
"1","44","350","0.085","0.205","0.825","0.2","0.65","0.1","3","1.05","0.1","0","false","100","105","true","false","""-36932145""","0.771038","0.771038","0.771038","0","0.771038"
"1","45","350","0.085","0.205","0.825","0.2","0.65","0.1","3","1.05","0.1","0","false","100","105","true","false","""54091751""","0.768306","0.768306","0.768306","0","0.768306"
"1","46","350","0.085","0.205","0.825","0.2","0.65","0.1","3","1.05","0.1","0","false","100","105","true","false","""1497570146""","0.752459","0.752459","0.752459","0","0.752459"
"1","47","350","0.085","0.205","0.825","0.2","0.65","0.1","3","1.05","0.1","0","false","100","105","true","false","""218848834""","0.767213","0.767213","0.767213","0","0.767213"
"1","48","350","0.085","0.205","0.825","0.2","0.65","0.1","3","1.05","0.1","0","false","100","105","true","false","""157454548""","0.773224","0.773224","0.773224","0","0.773224"
"1","49","350","0.085","0.205","0.825","0.2","0.65","0.1","3","1.05","0.1","0","false","100","105","true","false","""-310216761""","0.768852","0.768852","0.768852","0","0.768852"
"1","50","350","0.215","0.195","0.505","0.30000000000000004","0","0.1","3","1.05","0.1","0","false","100","105","true","false","""211093195""","0.892896","0.892896","0.892896","0","0.892896"
"1","51","350","0.215","0.195","0.505","0.30000000000000004","0","0.1","3","1.05","0.1","0","false","100","105","true","false","""-1919359421""","1.556284","1.556284","1.556284","0","1.556284"
"1","52","350","0.215","0.195","0.505","0.30000000000000004","0","0.1","3","1.05","0.1","0","false","100","105","true","false","""-1883783553""","1.509836","1.509836","1.509836","0","1.509836"
"1","53","350","0.215","0.195","0.505","0.30000000000000004","0","0.1","3","1.05","0.1","0","false","100","105","true","false","""565672704""","1.40765","1.40765","1.40765","0","1.40765"
"1","54","350","0.215","0.195","0.505","0.30000000000000004","0","0.1","3","1.05","0.1","0","false","100","105","true","false","""1209298632""","1.46612","1.46612","1.46612","0","1.46612"
"1","55","350","0.215","0.195","0.505","0.30000000000000004","0","0.1","3","1.05","0.1","0","false","100","105","true","false","""-1313620421""","1.153552","1.153552","1.153552","0","1.153552"
"1","56","350","0.215","0.195","0.505","0.30000000000000004","0","0.1","3","1.05","0.1","0","false","100","105","true","false","""-1905861430""","1.351913","1.351913","1.351913","0","1.351913"
"1","57","350","0.185","0.245","0.725","0.9","0.1","0.1","3","1.05","0.1","0","false","100","105","true","false","""-1757718780""","1.053552","1.053552","1.053552","0","1.053552"
"1","58","350","0.185","0.245","0.725","0.9","0.1","0.1","3","1.05","0.1","0","false","100","105","true","false","""615533223""","1.177049","1.177049","1.177049","0","1.177049"
"1","59","350","0.185","0.245","0.725","0.9","0.1","0.1","3","1.05","0.1","0","false","100","105","true","false","""-513659703""","1.015847","1.015847","1.015847","0","1.015847"
"1","60","350","0.185","0.245","0.725","0.9","0.1","0.1","3","1.05","0.1","0","false","100","105","true","false","""1657448134""","1.091257","1.091257","1.091257","0","1.091257"
"1","61","350","0.185","0.245","0.725","0.9","0.1","0.1","3","1.05","0.1","0","false","100","105","true","false","""193944393""","1.1","1.1","1.1","0","1.1"
"1","62","350","0.185","0.245","0.725","0.9","0.1","0.1","3","1.05","0.1","0","false","100","105","true","false","""1019035919""","1.068306","1.068306","1.068306","0","1.068306"
"1","63","350","0.185","0.245","0.725","0.9","0.1","0.1","3","1.05","0.1","0","false","100","105","true","false","""-341814936""","1.053005","1.053005","1.053005","0","1.053005"
"1","64","350","0.435","0.325","0.895","0","0.9","0.1","3","1.05","0.1","0","false","100","105","true","false","""-864392836""","0.6","0.6","0.6","0","0.6"
"1","65","350","0.435","0.325","0.895","0","0.9","0.1","3","1.05","0.1","0","false","100","105","true","false","""-2093445856""","0.599454","0.599454","0.599454","0","0.599454"
"1","66","350","0.435","0.325","0.895","0","0.9","0.1","3","1.05","0.1","0","false","100","105","true","false","""2006612011""","0.599454","0.599454","0.599454","0","0.599454"
"1","67","350","0.435","0.325","0.895","0","0.9","0.1","3","1.05","0.1","0","false","100","105","true","false","""-855099405""","0.603825","0.603825","0.603825","0","0.603825"
"1","68","350","0.435","0.325","0.895","0","0.9","0.1","3","1.05","0.1","0","false","100","105","true","false","""-817087124""","0.603279","0.603279","0.603279","0","0.603279"
"1","69","350","0.435","0.325","0.895","0","0.9","0.1","3","1.05","0.1","0","false","100","105","true","false","""1286866326""","0.600546","0.600546","0.600546","0","0.600546"
"1","70","350","0.435","0.325","0.895","0","0.9","0.1","3","1.05","0.1","0","false","100","105","true","false","""-977814227""","0.601093","0.601093","0.601093","0","0.601093"
"1","71","350","0.055","0.7050000000000001","0.885","0.15000000000000002","0.9500000000000001","0.1","3","1.05","0.1","0","false","100","105","true","false","""788222441""","1.727869","1.727869","1.727869","0","1.727869"
"1","72","350","0.055","0.7050000000000001","0.885","0.15000000000000002","0.9500000000000001","0.1","3","1.05","0.1","0","false","100","105","true","false","""-160846281""","1.701639","1.701639","1.701639","0","1.701639"
"1","73","350","0.055","0.7050000000000001","0.885","0.15000000000000002","0.9500000000000001","0.1","3","1.05","0.1","0","false","100","105","true","false","""1329719705""","1.710929","1.710929","1.710929","0","1.710929"
"1","74","350","0.055","0.7050000000000001","0.885","0.15000000000000002","0.9500000000000001","0.1","3","1.05","0.1","0","false","100","105","true","false","""-624600296""","1.712568","1.712568","1.712568","0","1.712568"
"1","75","350","0.055","0.7050000000000001","0.885","0.15000000000000002","0.9500000000000001","0.1","3","1.05","0.1","0","false","100","105","true","false","""-1848289110""","1.714208","1.714208","1.714208","0","1.714208"
"1","76","350","0.055","0.7050000000000001","0.885","0.15000000000000002","0.9500000000000001","0.1","3","1.05","0.1","0","false","100","105","true","false","""-1724682617""","1.715847","1.715847","1.715847","0","1.715847"
"1","77","350","0.055","0.7050000000000001","0.885","0.15000000000000002","0.9500000000000001","0.1","3","1.05","0.1","0","false","100","105","true","false","""552444344""","1.703825","1.703825","1.703825","0","1.703825"
"1","78","350","0.045","0.28500000000000003","0.855","0.7000000000000001","1","0.1","3","1.05","0.1","0","false","100","105","true","false","""1684584438""","0.591803","0.591803","0.591803","0","0.591803"
"1","79","350","0.045","0.28500000000000003","0.855","0.7000000000000001","1","0.1","3","1.05","0.1","0","false","100","105","true","false","""-888793127""","0.528962","0.528962","0.528962","0","0.528962"
"1","80","350","0.045","0.28500000000000003","0.855","0.7000000000000001","1","0.1","3","1.05","0.1","0","false","100","105","true","false","""1247842023""","0.54918","0.54918","0.54918","0","0.54918"
"1","81","350","0.045","0.28500000000000003","0.855","0.7000000000000001","1","0.1","3","1.05","0.1","0","false","100","105","true","false","""-1107179192""","0.570492","0.570492","0.570492","0","0.570492"
"1","82","350","0.045","0.28500000000000003","0.855","0.7000000000000001","1","0.1","3","1.05","0.1","0","false","100","105","true","false","""834220689""","0.565027","0.565027","0.565027","0","0.565027"
"1","83","350","0.045","0.28500000000000003","0.855","0.7000000000000001","1","0.1","3","1.05","0.1","0","false","100","105","true","false","""684876923""","0.513661","0.513661","0.513661","0","0.513661"
"1","84","350","0.045","0.28500000000000003","0.855","0.7000000000000001","1","0.1","3","1.05","0.1","0","false","100","105","true","false","""-227613512""","0.571038","0.571038","0.571038","0","0.571038"
"1","85","350","0.445","0.675","0.775","0.35000000000000003","0","0.1","3","1.05","0.1","0","false","100","105","true","false","""-929420597""","0.365574","0.365574","0.365574","0","0.365574"
"1","86","350","0.445","0.675","0.775","0.35000000000000003","0","0.1","3","1.05","0.1","0","false","100","105","true","false","""1202046557""","0.232787","0.232787","0.232787","0","0.232787"
"1","87","350","0.445","0.675","0.775","0.35000000000000003","0","0.1","3","1.05","0.1","0","false","100","105","true","false","""530286086""","0.314754","0.314754","0.314754","0","0.314754"
"1","88","350","0.445","0.675","0.775","0.35000000000000003","0","0.1","3","1.05","0.1","0","false","100","105","true","false","""1588625341""","0.421311","0.421311","0.421311","0","0.421311"
"1","89","350","0.445","0.675","0.775","0.35000000000000003","0","0.1","3","1.05","0.1","0","false","100","105","true","false","""-2124666930""","0.204918","0.204918","0.204918","0","0.204918"
"1","90","350","0.445","0.675","0.775","0.35000000000000003","0","0.1","3","1.05","0.1","0","false","100","105","true","false","""-1182092810""","0.256284","0.256284","0.256284","0","0.256284"
"1","91","350","0.445","0.675","0.775","0.35000000000000003","0","0.1","3","1.05","0.1","0","false","100","105","true","false","""1931325673""","0.260656","0.260656","0.260656","0","0.260656"
"1","92","350","0.265","0.485","0.885","0.75","0.25","0.1","3","1.05","0.1","0","false","100","105","true","false","""-241151324""","0.305464","0.305464","0.305464","0","0.305464"
"1","93","350","0.265","0.485","0.885","0.75","0.25","0.1","3","1.05","0.1","0","false","100","105","true","false","""-2131014847""","0.24918","0.24918","0.24918","0","0.24918"
"1","94","350","0.265","0.485","0.885","0.75","0.25","0.1","3","1.05","0.1","0","false","100","105","true","false","""-114229991""","0.229508","0.229508","0.229508","0","0.229508"
"1","95","350","0.265","0.485","0.885","0.75","0.25","0.1","3","1.05","0.1","0","false","100","105","true","false","""1546383586""","0.313661","0.313661","0.313661","0","0.313661"
"1","96","350","0.265","0.485","0.885","0.75","0.25","0.1","3","1.05","0.1","0","false","100","105","true","false","""-699305455""","0.30765","0.30765","0.30765","0","0.30765"
"1","97","350","0.265","0.485","0.885","0.75","0.25","0.1","3","1.05","0.1","0","false","100","105","true","false","""-2018087761""","0.277049","0.277049","0.277049","0","0.277049"
"1","98","350","0.265","0.485","0.885","0.75","0.25","0.1","3","1.05","0.1","0","false","100","105","true","false","""1072481199""","0.234426","0.234426","0.234426","0","0.234426"
"1","99","350","0.275","0.5750000000000001","0.925","0.9500000000000001","0.30000000000000004","0.1","3","1.05","0.1","0","false","100","105","true","false","""-191223647""","0.493443","0.493443","0.493443","0","0.493443"
"1","100","350","0.275","0.5750000000000001","0.925","0.9500000000000001","0.30000000000000004","0.1","3","1.05","0.1","0","false","100","105","true","false","""783684730""","0.495628","0.495628","0.495628","0","0.495628"
"1","101","350","0.275","0.5750000000000001","0.925","0.9500000000000001","0.30000000000000004","0.1","3","1.05","0.1","0","false","100","105","true","false","""-1460139766""","0.45082","0.45082","0.45082","0","0.45082"
"1","102","350","0.275","0.5750000000000001","0.925","0.9500000000000001","0.30000000000000004","0.1","3","1.05","0.1","0","false","100","105","true","false","""-2139575780""","0.464481","0.464481","0.464481","0","0.464481"
"1","103","350","0.275","0.5750000000000001","0.925","0.9500000000000001","0.30000000000000004","0.1","3","1.05","0.1","0","false","100","105","true","false","""-1939619297""","0.449727","0.449727","0.449727","0","0.449727"
"1","104","350","0.275","0.5750000000000001","0.925","0.9500000000000001","0.30000000000000004","0.1","3","1.05","0.1","0","false","100","105","true","false","""-2085892174""","0.478689","0.478689","0.478689","0","0.478689"
"1","105","350","0.275","0.5750000000000001","0.925","0.9500000000000001","0.30000000000000004","0.1","3","1.05","0.1","0","false","100","105","true","false","""1419846830""","0.451913","0.451913","0.451913","0","0.451913"
"1","106","350","0.28500000000000003","0.895","0.725","0.75","0","0.1","3","1.05","0.1","0","false","100","105","true","false","""-1656008269""","0.90929","0.90929","0.90929","0","0.90929"
"1","107","350","0.28500000000000003","0.895","0.725","0.75","0","0.1","3","1.05","0.1","0","false","100","105","true","false","""-1643060675""","0.901639","0.901639","0.901639","0","0.901639"
"1","108","350","0.28500000000000003","0.895","0.725","0.75","0","0.1","3","1.05","0.1","0","false","100","105","true","false","""-1994295270""","0.887432","0.887432","0.887432","0","0.887432"
"1","109","350","0.28500000000000003","0.895","0.725","0.75","0","0.1","3","1.05","0.1","0","false","100","105","true","false","""1065777498""","0.934426","0.934426","0.934426","0","0.934426"
"1","110","350","0.28500000000000003","0.895","0.725","0.75","0","0.1","3","1.05","0.1","0","false","100","105","true","false","""-1346947328""","0.866667","0.866667","0.866667","0","0.866667"
"1","111","350","0.28500000000000003","0.895","0.725","0.75","0","0.1","3","1.05","0.1","0","false","100","105","true","false","""-1463895480""","0.959563","0.959563","0.959563","0","0.959563"
"1","112","350","0.28500000000000003","0.895","0.725","0.75","0","0.1","3","1.05","0.1","0","false","100","105","true","false","""369706348""","0.943716","0.943716","0.943716","0","0.943716"
"1","113","350","0.435","0.935","0.725","0.4","0.35000000000000003","0.1","3","1.05","0.1","0","false","100","105","true","false","""1563652703""","0.418579","0.418579","0.418579","0","0.418579"
"1","114","350","0.435","0.935","0.725","0.4","0.35000000000000003","0.1","3","1.05","0.1","0","false","100","105","true","false","""1094561213""","0.374317","0.374317","0.374317","0","0.374317"
"1","115","350","0.435","0.935","0.725","0.4","0.35000000000000003","0.1","3","1.05","0.1","0","false","100","105","true","false","""-890337560""","0.331148","0.331148","0.331148","0","0.331148"
"1","116","350","0.435","0.935","0.725","0.4","0.35000000000000003","0.1","3","1.05","0.1","0","false","100","105","true","false","""-1491437828""","0.414754","0.414754","0.414754","0","0.414754"
"1","117","350","0.435","0.935","0.725","0.4","0.35000000000000003","0.1","3","1.05","0.1","0","false","100","105","true","false","""433582275""","0.356284","0.356284","0.356284","0","0.356284"
"1","118","350","0.435","0.935","0.725","0.4","0.35000000000000003","0.1","3","1.05","0.1","0","false","100","105","true","false","""-1077861636""","0.487432","0.487432","0.487432","0","0.487432"
"1","119","350","0.435","0.935","0.725","0.4","0.35000000000000003","0.1","3","1.05","0.1","0","false","100","105","true","false","""-1437703335""","0.405464","0.405464","0.405464","0","0.405464"
"1","120","350","0.335","0.7450000000000001","0.895","0.8500000000000001","0.35000000000000003","0.1","3","1.05","0.1","0","false","100","105","true","false","""383361827""","0.184153","0.184153","0.184153","0","0.184153"
"1","121","350","0.335","0.7450000000000001","0.895","0.8500000000000001","0.35000000000000003","0.1","3","1.05","0.1","0","false","100","105","true","false","""-824180708""","0.178689","0.178689","0.178689","0","0.178689"
"1","122","350","0.335","0.7450000000000001","0.895","0.8500000000000001","0.35000000000000003","0.1","3","1.05","0.1","0","false","100","105","true","false","""193638626""","0.155191","0.155191","0.155191","0","0.155191"
"1","123","350","0.335","0.7450000000000001","0.895","0.8500000000000001","0.35000000000000003","0.1","3","1.05","0.1","0","false","100","105","true","false","""1536319903""","0.154645","0.154645","0.154645","0","0.154645"
"1","124","350","0.335","0.7450000000000001","0.895","0.8500000000000001","0.35000000000000003","0.1","3","1.05","0.1","0","false","100","105","true","false","""526232486""","0.159016","0.159016","0.159016","0","0.159016"
"1","125","350","0.335","0.7450000000000001","0.895","0.8500000000000001","0.35000000000000003","0.1","3","1.05","0.1","0","false","100","105","true","false","""1560789""","0.15847","0.15847","0.15847","0","0.15847"
"1","126","350","0.335","0.7450000000000001","0.895","0.8500000000000001","0.35000000000000003","0.1","3","1.05","0.1","0","false","100","105","true","false","""436050630""","0.161202","0.161202","0.161202","0","0.161202"
"1","127","350","0.275","0.895","0.715","0.4","0.1","0.1","3","1.05","0.1","0","false","100","105","true","false","""529968215""","0.748634","0.748634","0.748634","0","0.748634"
"1","128","350","0.275","0.895","0.715","0.4","0.1","0.1","3","1.05","0.1","0","false","100","105","true","false","""1669236226""","0.478142","0.478142","0.478142","0","0.478142"
"1","129","350","0.275","0.895","0.715","0.4","0.1","0.1","3","1.05","0.1","0","false","100","105","true","false","""390436262""","0.786339","0.786339","0.786339","0","0.786339"
"1","130","350","0.275","0.895","0.715","0.4","0.1","0.1","3","1.05","0.1","0","false","100","105","true","false","""-1176687603""","0.984153","0.984153","0.984153","0","0.984153"
"1","131","350","0.275","0.895","0.715","0.4","0.1","0.1","3","1.05","0.1","0","false","100","105","true","false","""809226250""","0.643716","0.643716","0.643716","0","0.643716"
"1","132","350","0.275","0.895","0.715","0.4","0.1","0.1","3","1.05","0.1","0","false","100","105","true","false","""-1147766039""","0.677049","0.677049","0.677049","0","0.677049"
"1","133","350","0.275","0.895","0.715","0.4","0.1","0.1","3","1.05","0.1","0","false","100","105","true","false","""-2123398378""","0.742623","0.742623","0.742623","0","0.742623"
"1","134","350","0.495","0.535","0.675","0.4","0.45","0.1","3","1.05","0.1","0","false","100","105","true","false","""749569180""","0.784153","0.784153","0.784153","0","0.784153"
"1","135","350","0.495","0.535","0.675","0.4","0.45","0.1","3","1.05","0.1","0","false","100","105","true","false","""-1846791943""","0.703279","0.703279","0.703279","0","0.703279"
"1","136","350","0.495","0.535","0.675","0.4","0.45","0.1","3","1.05","0.1","0","false","100","105","true","false","""-418515646""","0.780874","0.780874","0.780874","0","0.780874"
"1","137","350","0.495","0.535","0.675","0.4","0.45","0.1","3","1.05","0.1","0","false","100","105","true","false","""1139727605""","0.76776","0.76776","0.76776","0","0.76776"
"1","138","350","0.495","0.535","0.675","0.4","0.45","0.1","3","1.05","0.1","0","false","100","105","true","false","""-1970498052""","0.697814","0.697814","0.697814","0","0.697814"
"1","139","350","0.495","0.535","0.675","0.4","0.45","0.1","3","1.05","0.1","0","false","100","105","true","false","""-843174037""","0.827322","0.827322","0.827322","0","0.827322"
"1","140","350","0.495","0.535","0.675","0.4","0.45","0.1","3","1.05","0.1","0","false","100","105","true","false","""1717212926""","0.769945","0.769945","0.769945","0","0.769945"
"1","141","350","0.395","0.255","0.7050000000000001","0.4","0.65","0.1","3","1.05","0.1","0","false","100","105","true","false","""-1973547660""","0.759016","0.759016","0.759016","0","0.759016"
"1","142","350","0.395","0.255","0.7050000000000001","0.4","0.65","0.1","3","1.05","0.1","0","false","100","105","true","false","""-839871344""","0.889617","0.889617","0.889617","0","0.889617"
"1","143","350","0.395","0.255","0.7050000000000001","0.4","0.65","0.1","3","1.05","0.1","0","false","100","105","true","false","""-1408909328""","0.812568","0.812568","0.812568","0","0.812568"
"1","144","350","0.395","0.255","0.7050000000000001","0.4","0.65","0.1","3","1.05","0.1","0","false","100","105","true","false","""1230190625""","1.007104","1.007104","1.007104","0","1.007104"
"1","145","350","0.395","0.255","0.7050000000000001","0.4","0.65","0.1","3","1.05","0.1","0","false","100","105","true","false","""-17980645""","0.783607","0.783607","0.783607","0","0.783607"
"1","146","350","0.395","0.255","0.7050000000000001","0.4","0.65","0.1","3","1.05","0.1","0","false","100","105","true","false","""688379943""","0.98306","0.98306","0.98306","0","0.98306"
"1","147","350","0.395","0.255","0.7050000000000001","0.4","0.65","0.1","3","1.05","0.1","0","false","100","105","true","false","""1325600943""","0.845355","0.845355","0.845355","0","0.845355"
"1","148","350","0.395","0.8550000000000001","0.595","0.35000000000000003","0.5","0.1","3","1.05","0.1","0","false","100","105","true","false","""1281786271""","0.427322","0.427322","0.427322","0","0.427322"
"1","149","350","0.395","0.8550000000000001","0.595","0.35000000000000003","0.5","0.1","3","1.05","0.1","0","false","100","105","true","false","""-834297126""","0.381967","0.381967","0.381967","0","0.381967"
"1","150","350","0.395","0.8550000000000001","0.595","0.35000000000000003","0.5","0.1","3","1.05","0.1","0","false","100","105","true","false","""708585191""","0.36776","0.36776","0.36776","0","0.36776"
"1","151","350","0.395","0.8550000000000001","0.595","0.35000000000000003","0.5","0.1","3","1.05","0.1","0","false","100","105","true","false","""-272466470""","0.359016","0.359016","0.359016","0","0.359016"
"1","152","350","0.395","0.8550000000000001","0.595","0.35000000000000003","0.5","0.1","3","1.05","0.1","0","false","100","105","true","false","""-334995336""","0.368852","0.368852","0.368852","0","0.368852"
"1","153","350","0.395","0.8550000000000001","0.595","0.35000000000000003","0.5","0.1","3","1.05","0.1","0","false","100","105","true","false","""798900720""","0.387978","0.387978","0.387978","0","0.387978"
"1","154","350","0.395","0.8550000000000001","0.595","0.35000000000000003","0.5","0.1","3","1.05","0.1","0","false","100","105","true","false","""1450347869""","0.460656","0.460656","0.460656","0","0.460656"
"1","155","350","0.275","0.185","0.765","0.35000000000000003","0.2","0.1","3","1.05","0.1","0","false","100","105","true","false","""-2071147034""","0.435519","0.435519","0.435519","0","0.435519"
"1","156","350","0.275","0.185","0.765","0.35000000000000003","0.2","0.1","3","1.05","0.1","0","false","100","105","true","false","""-1334276621""","0.431694","0.431694","0.431694","0","0.431694"
"1","157","350","0.275","0.185","0.765","0.35000000000000003","0.2","0.1","3","1.05","0.1","0","false","100","105","true","false","""1324796890""","0.442077","0.442077","0.442077","0","0.442077"
"1","158","350","0.275","0.185","0.765","0.35000000000000003","0.2","0.1","3","1.05","0.1","0","false","100","105","true","false","""-2094890209""","0.481967","0.481967","0.481967","0","0.481967"
"1","159","350","0.275","0.185","0.765","0.35000000000000003","0.2","0.1","3","1.05","0.1","0","false","100","105","true","false","""1813055096""","0.470492","0.470492","0.470492","0","0.470492"
"1","160","350","0.275","0.185","0.765","0.35000000000000003","0.2","0.1","3","1.05","0.1","0","false","100","105","true","false","""833128149""","0.540437","0.540437","0.540437","0","0.540437"
"1","161","350","0.275","0.185","0.765","0.35000000000000003","0.2","0.1","3","1.05","0.1","0","false","100","105","true","false","""1303465289""","0.436612","0.436612","0.436612","0","0.436612"
"1","162","350","0.28500000000000003","0.435","0.7050000000000001","0.75","0.65","0.1","3","1.05","0.1","0","false","100","105","true","false","""2002313190""","0.968306","0.968306","0.968306","0","0.968306"
"1","163","350","0.28500000000000003","0.435","0.7050000000000001","0.75","0.65","0.1","3","1.05","0.1","0","false","100","105","true","false","""579119994""","0.972131","0.972131","0.972131","0","0.972131"
"1","164","350","0.28500000000000003","0.435","0.7050000000000001","0.75","0.65","0.1","3","1.05","0.1","0","false","100","105","true","false","""1022181913""","0.842623","0.842623","0.842623","0","0.842623"
"1","165","350","0.28500000000000003","0.435","0.7050000000000001","0.75","0.65","0.1","3","1.05","0.1","0","false","100","105","true","false","""1817621205""","1.051913","1.051913","1.051913","0","1.051913"
"1","166","350","0.28500000000000003","0.435","0.7050000000000001","0.75","0.65","0.1","3","1.05","0.1","0","false","100","105","true","false","""127767836""","0.93224","0.93224","0.93224","0","0.93224"
"1","167","350","0.28500000000000003","0.435","0.7050000000000001","0.75","0.65","0.1","3","1.05","0.1","0","false","100","105","true","false","""-114398657""","0.850273","0.850273","0.850273","0","0.850273"
"1","168","350","0.28500000000000003","0.435","0.7050000000000001","0.75","0.65","0.1","3","1.05","0.1","0","false","100","105","true","false","""-211727991""","0.978142","0.978142","0.978142","0","0.978142"
"1","169","350","0.125","0.465","0.855","0.25","0.8","0.1","3","1.05","0.1","0","false","100","105","true","false","""-1309918844""","0.427322","0.427322","0.427322","0","0.427322"
"1","170","350","0.125","0.465","0.855","0.25","0.8","0.1","3","1.05","0.1","0","false","100","105","true","false","""110414725""","0.454645","0.454645","0.454645","0","0.454645"
"1","171","350","0.125","0.465","0.855","0.25","0.8","0.1","3","1.05","0.1","0","false","100","105","true","false","""1848606153""","0.455738","0.455738","0.455738","0","0.455738"
"1","172","350","0.125","0.465","0.855","0.25","0.8","0.1","3","1.05","0.1","0","false","100","105","true","false","""672770127""","0.477596","0.477596","0.477596","0","0.477596"
"1","173","350","0.125","0.465","0.855","0.25","0.8","0.1","3","1.05","0.1","0","false","100","105","true","false","""1546671711""","0.477596","0.477596","0.477596","0","0.477596"
"1","174","350","0.125","0.465","0.855","0.25","0.8","0.1","3","1.05","0.1","0","false","100","105","true","false","""874614039""","0.421858","0.421858","0.421858","0","0.421858"
"1","175","350","0.125","0.465","0.855","0.25","0.8","0.1","3","1.05","0.1","0","false","100","105","true","false","""-747744907""","0.414208","0.414208","0.414208","0","0.414208"
"1","176","350","0.435","0.6150000000000001","0.785","0.75","0.35000000000000003","0.1","3","1.05","0.1","0","false","100","105","true","false","""-272304542""","0.815847","0.815847","0.815847","0","0.815847"
"1","177","350","0.435","0.6150000000000001","0.785","0.75","0.35000000000000003","0.1","3","1.05","0.1","0","false","100","105","true","false","""-1636014497""","0.76776","0.76776","0.76776","0","0.76776"
"1","178","350","0.435","0.6150000000000001","0.785","0.75","0.35000000000000003","0.1","3","1.05","0.1","0","false","100","105","true","false","""-1943231618""","0.80765","0.80765","0.80765","0","0.80765"
"1","179","350","0.435","0.6150000000000001","0.785","0.75","0.35000000000000003","0.1","3","1.05","0.1","0","false","100","105","true","false","""1829836554""","0.845355","0.845355","0.845355","0","0.845355"
"1","180","350","0.435","0.6150000000000001","0.785","0.75","0.35000000000000003","0.1","3","1.05","0.1","0","false","100","105","true","false","""-1276545097""","0.808743","0.808743","0.808743","0","0.808743"
"1","181","350","0.435","0.6150000000000001","0.785","0.75","0.35000000000000003","0.1","3","1.05","0.1","0","false","100","105","true","false","""1304479698""","0.751366","0.751366","0.751366","0","0.751366"
"1","182","350","0.435","0.6150000000000001","0.785","0.75","0.35000000000000003","0.1","3","1.05","0.1","0","false","100","105","true","false","""2076989721""","0.843169","0.843169","0.843169","0","0.843169"
"1","183","350","0.28500000000000003","0.805","0.605","0.5","0.7000000000000001","0.1","3","1.05","0.1","0","false","100","105","true","false","""1658519003""","1.024044","1.024044","1.024044","0","1.024044"
"1","184","350","0.28500000000000003","0.805","0.605","0.5","0.7000000000000001","0.1","3","1.05","0.1","0","false","100","105","true","false","""-5170189""","1.027869","1.027869","1.027869","0","1.027869"
"1","185","350","0.28500000000000003","0.805","0.605","0.5","0.7000000000000001","0.1","3","1.05","0.1","0","false","100","105","true","false","""-15375898""","0.979781","0.979781","0.979781","0","0.979781"
"1","186","350","0.28500000000000003","0.805","0.605","0.5","0.7000000000000001","0.1","3","1.05","0.1","0","false","100","105","true","false","""-395901146""","1.060109","1.060109","1.060109","0","1.060109"
"1","187","350","0.28500000000000003","0.805","0.605","0.5","0.7000000000000001","0.1","3","1.05","0.1","0","false","100","105","true","false","""1422086639""","1.12459","1.12459","1.12459","0","1.12459"
"1","188","350","0.28500000000000003","0.805","0.605","0.5","0.7000000000000001","0.1","3","1.05","0.1","0","false","100","105","true","false","""1001536233""","1.017486","1.017486","1.017486","0","1.017486"
"1","189","350","0.28500000000000003","0.805","0.605","0.5","0.7000000000000001","0.1","3","1.05","0.1","0","false","100","105","true","false","""-145526832""","1.107104","1.107104","1.107104","0","1.107104"
"1","190","350","0.365","0.465","0.755","0.55","0.65","0.1","3","1.05","0.1","0","false","100","105","true","false","""-208572217""","0.987432","0.987432","0.987432","0","0.987432"
"1","191","350","0.365","0.465","0.755","0.55","0.65","0.1","3","1.05","0.1","0","false","100","105","true","false","""-178434750""","1.031694","1.031694","1.031694","0","1.031694"
"1","192","350","0.365","0.465","0.755","0.55","0.65","0.1","3","1.05","0.1","0","false","100","105","true","false","""409450817""","0.983607","0.983607","0.983607","0","0.983607"
"1","193","350","0.365","0.465","0.755","0.55","0.65","0.1","3","1.05","0.1","0","false","100","105","true","false","""1835625380""","1.031694","1.031694","1.031694","0","1.031694"
"1","194","350","0.365","0.465","0.755","0.55","0.65","0.1","3","1.05","0.1","0","false","100","105","true","false","""-200097661""","0.843716","0.843716","0.843716","0","0.843716"
"1","195","350","0.365","0.465","0.755","0.55","0.65","0.1","3","1.05","0.1","0","false","100","105","true","false","""-1502421995""","0.902732","0.902732","0.902732","0","0.902732"
"1","196","350","0.365","0.465","0.755","0.55","0.65","0.1","3","1.05","0.1","0","false","100","105","true","false","""-2145514074""","0.960109","0.960109","0.960109","0","0.960109"
"1","197","350","0.085","0.445","0.7050000000000001","0.15000000000000002","0.7000000000000001","0.1","3","1.05","0.1","0","false","100","105","true","false","""718700361""","0.462842","0.462842","0.462842","0","0.462842"
"1","198","350","0.085","0.445","0.7050000000000001","0.15000000000000002","0.7000000000000001","0.1","3","1.05","0.1","0","false","100","105","true","false","""-2133668937""","0.443716","0.443716","0.443716","0","0.443716"
"1","199","350","0.085","0.445","0.7050000000000001","0.15000000000000002","0.7000000000000001","0.1","3","1.05","0.1","0","false","100","105","true","false","""-1991553590""","0.408743","0.408743","0.408743","0","0.408743"
"1","200","350","0.085","0.445","0.7050000000000001","0.15000000000000002","0.7000000000000001","0.1","3","1.05","0.1","0","false","100","105","true","false","""-132018452""","0.415301","0.415301","0.415301","0","0.415301"
"1","201","350","0.085","0.445","0.7050000000000001","0.15000000000000002","0.7000000000000001","0.1","3","1.05","0.1","0","false","100","105","true","false","""-1787494914""","0.44153","0.44153","0.44153","0","0.44153"
"1","202","350","0.085","0.445","0.7050000000000001","0.15000000000000002","0.7000000000000001","0.1","3","1.05","0.1","0","false","100","105","true","false","""1398907623""","0.437158","0.437158","0.437158","0","0.437158"
"1","203","350","0.085","0.445","0.7050000000000001","0.15000000000000002","0.7000000000000001","0.1","3","1.05","0.1","0","false","100","105","true","false","""-308526972""","0.421311","0.421311","0.421311","0","0.421311"
"1","204","350","0.155","0.385","0.635","0.2","0.45","0.1","3","1.05","0.1","0","false","100","105","true","false","""-1730524122""","0.313661","0.313661","0.313661","0","0.313661"
"1","205","350","0.155","0.385","0.635","0.2","0.45","0.1","3","1.05","0.1","0","false","100","105","true","false","""-1696999830""","0.331694","0.331694","0.331694","0","0.331694"
"1","206","350","0.155","0.385","0.635","0.2","0.45","0.1","3","1.05","0.1","0","false","100","105","true","false","""1956278917""","0.315847","0.315847","0.315847","0","0.315847"
"1","207","350","0.155","0.385","0.635","0.2","0.45","0.1","3","1.05","0.1","0","false","100","105","true","false","""706585271""","0.326776","0.326776","0.326776","0","0.326776"
"1","208","350","0.155","0.385","0.635","0.2","0.45","0.1","3","1.05","0.1","0","false","100","105","true","false","""-589828019""","0.339344","0.339344","0.339344","0","0.339344"
"1","209","350","0.155","0.385","0.635","0.2","0.45","0.1","3","1.05","0.1","0","false","100","105","true","false","""1371233526""","0.33388","0.33388","0.33388","0","0.33388"
"1","210","350","0.155","0.385","0.635","0.2","0.45","0.1","3","1.05","0.1","0","false","100","105","true","false","""1892863285""","0.31694","0.31694","0.31694","0","0.31694"
"1","211","350","0.125","0.775","0.815","0.1","0.8","0.1","3","1.05","0.1","0","false","100","105","true","false","""-1946726171""","1.880874","1.880874","1.880874","0","1.880874"
"1","212","350","0.125","0.775","0.815","0.1","0.8","0.1","3","1.05","0.1","0","false","100","105","true","false","""1710276207""","1.882514","1.882514","1.882514","0","1.882514"
"1","213","350","0.125","0.775","0.815","0.1","0.8","0.1","3","1.05","0.1","0","false","100","105","true","false","""1237401962""","1.86612","1.86612","1.86612","0","1.86612"
"1","214","350","0.125","0.775","0.815","0.1","0.8","0.1","3","1.05","0.1","0","false","100","105","true","false","""-943462028""","1.879781","1.879781","1.879781","0","1.879781"
"1","215","350","0.125","0.775","0.815","0.1","0.8","0.1","3","1.05","0.1","0","false","100","105","true","false","""670091761""","1.872131","1.872131","1.872131","0","1.872131"
"1","216","350","0.125","0.775","0.815","0.1","0.8","0.1","3","1.05","0.1","0","false","100","105","true","false","""-1877126080""","1.90929","1.90929","1.90929","0","1.90929"
"1","217","350","0.125","0.775","0.815","0.1","0.8","0.1","3","1.05","0.1","0","false","100","105","true","false","""1488749457""","1.88306","1.88306","1.88306","0","1.88306"
"1","218","350","0.28500000000000003","0.8150000000000001","0.585","0.55","0.75","0.1","3","1.05","0.1","0","false","100","105","true","false","""1660387225""","1.089071","1.089071","1.089071","0","1.089071"
"1","219","350","0.28500000000000003","0.8150000000000001","0.585","0.55","0.75","0.1","3","1.05","0.1","0","false","100","105","true","false","""-1297708469""","1.104372","1.104372","1.104372","0","1.104372"
"1","220","350","0.28500000000000003","0.8150000000000001","0.585","0.55","0.75","0.1","3","1.05","0.1","0","false","100","105","true","false","""700218817""","1.053005","1.053005","1.053005","0","1.053005"
"1","221","350","0.28500000000000003","0.8150000000000001","0.585","0.55","0.75","0.1","3","1.05","0.1","0","false","100","105","true","false","""961550125""","0.99235","0.99235","0.99235","0","0.99235"
"1","222","350","0.28500000000000003","0.8150000000000001","0.585","0.55","0.75","0.1","3","1.05","0.1","0","false","100","105","true","false","""139156265""","1.078142","1.078142","1.078142","0","1.078142"
"1","223","350","0.28500000000000003","0.8150000000000001","0.585","0.55","0.75","0.1","3","1.05","0.1","0","false","100","105","true","false","""1156942055""","1.06612","1.06612","1.06612","0","1.06612"
"1","224","350","0.28500000000000003","0.8150000000000001","0.585","0.55","0.75","0.1","3","1.05","0.1","0","false","100","105","true","false","""533276960""","1.047541","1.047541","1.047541","0","1.047541"
"1","225","350","0.28500000000000003","0.205","0.505","0.30000000000000004","0.9","0.1","3","1.05","0.1","0","false","100","105","true","false","""305955916""","0.685792","0.685792","0.685792","0","0.685792"
"1","226","350","0.28500000000000003","0.205","0.505","0.30000000000000004","0.9","0.1","3","1.05","0.1","0","false","100","105","true","false","""-920316410""","0.662842","0.662842","0.662842","0","0.662842"
"1","227","350","0.28500000000000003","0.205","0.505","0.30000000000000004","0.9","0.1","3","1.05","0.1","0","false","100","105","true","false","""128620157""","0.719126","0.719126","0.719126","0","0.719126"
"1","228","350","0.28500000000000003","0.205","0.505","0.30000000000000004","0.9","0.1","3","1.05","0.1","0","false","100","105","true","false","""1883970144""","0.643169","0.643169","0.643169","0","0.643169"
"1","229","350","0.28500000000000003","0.205","0.505","0.30000000000000004","0.9","0.1","3","1.05","0.1","0","false","100","105","true","false","""2128637795""","0.695628","0.695628","0.695628","0","0.695628"
"1","230","350","0.28500000000000003","0.205","0.505","0.30000000000000004","0.9","0.1","3","1.05","0.1","0","false","100","105","true","false","""-569039847""","0.692896","0.692896","0.692896","0","0.692896"
"1","231","350","0.28500000000000003","0.205","0.505","0.30000000000000004","0.9","0.1","3","1.05","0.1","0","false","100","105","true","false","""-1937719064""","0.677596","0.677596","0.677596","0","0.677596"
"1","232","350","0.055","0.375","0.855","0.1","0.7000000000000001","0.1","3","1.05","0.1","0","false","100","105","true","false","""891491291""","0.515301","0.515301","0.515301","0","0.515301"
"1","233","350","0.055","0.375","0.855","0.1","0.7000000000000001","0.1","3","1.05","0.1","0","false","100","105","true","false","""1420806546""","0.515301","0.515301","0.515301","0","0.515301"
"1","234","350","0.055","0.375","0.855","0.1","0.7000000000000001","0.1","3","1.05","0.1","0","false","100","105","true","false","""-1733692328""","0.520219","0.520219","0.520219","0","0.520219"
"1","235","350","0.055","0.375","0.855","0.1","0.7000000000000001","0.1","3","1.05","0.1","0","false","100","105","true","false","""1484214887""","0.50765","0.50765","0.50765","0","0.50765"
"1","236","350","0.055","0.375","0.855","0.1","0.7000000000000001","0.1","3","1.05","0.1","0","false","100","105","true","false","""-1963702751""","0.537158","0.537158","0.537158","0","0.537158"
"1","237","350","0.055","0.375","0.855","0.1","0.7000000000000001","0.1","3","1.05","0.1","0","false","100","105","true","false","""101753035""","0.545902","0.545902","0.545902","0","0.545902"
"1","238","350","0.055","0.375","0.855","0.1","0.7000000000000001","0.1","3","1.05","0.1","0","false","100","105","true","false","""779243890""","0.519672","0.519672","0.519672","0","0.519672"
"1","239","350","0.485","0.11499999999999999","0.995","0.2","0.05","0.1","3","1.05","0.1","0","false","100","105","true","false","""508730167""","0.826776","0.826776","0.826776","0","0.826776"
"1","240","350","0.485","0.11499999999999999","0.995","0.2","0.05","0.1","3","1.05","0.1","0","false","100","105","true","false","""-420440952""","0.840984","0.840984","0.840984","0","0.840984"
"1","241","350","0.485","0.11499999999999999","0.995","0.2","0.05","0.1","3","1.05","0.1","0","false","100","105","true","false","""-251616611""","0.840984","0.840984","0.840984","0","0.840984"
"1","242","350","0.485","0.11499999999999999","0.995","0.2","0.05","0.1","3","1.05","0.1","0","false","100","105","true","false","""1265836357""","0.839344","0.839344","0.839344","0","0.839344"
"1","243","350","0.485","0.11499999999999999","0.995","0.2","0.05","0.1","3","1.05","0.1","0","false","100","105","true","false","""-1369052""","0.838798","0.838798","0.838798","0","0.838798"
"1","244","350","0.485","0.11499999999999999","0.995","0.2","0.05","0.1","3","1.05","0.1","0","false","100","105","true","false","""-1564142802""","0.840984","0.840984","0.840984","0","0.840984"
"1","245","350","0.485","0.11499999999999999","0.995","0.2","0.05","0.1","3","1.05","0.1","0","false","100","105","true","false","""-1210876614""","0.840984","0.840984","0.840984","0","0.840984"
"1","246","350","0.34500000000000003","0.335","0.825","0.6000000000000001","0.35000000000000003","0.1","3","1.05","0.1","0","false","100","105","true","false","""949809845""","0.681967","0.681967","0.681967","0","0.681967"
"1","247","350","0.34500000000000003","0.335","0.825","0.6000000000000001","0.35000000000000003","0.1","3","1.05","0.1","0","false","100","105","true","false","""-1231632665""","0.649727","0.649727","0.649727","0","0.649727"
"1","248","350","0.34500000000000003","0.335","0.825","0.6000000000000001","0.35000000000000003","0.1","3","1.05","0.1","0","false","100","105","true","false","""-1471559176""","0.713661","0.713661","0.713661","0","0.713661"
"1","249","350","0.34500000000000003","0.335","0.825","0.6000000000000001","0.35000000000000003","0.1","3","1.05","0.1","0","false","100","105","true","false","""362790153""","0.800546","0.800546","0.800546","0","0.800546"
"1","250","350","0.34500000000000003","0.335","0.825","0.6000000000000001","0.35000000000000003","0.1","3","1.05","0.1","0","false","100","105","true","false","""2112508916""","0.727322","0.727322","0.727322","0","0.727322"
"1","251","350","0.34500000000000003","0.335","0.825","0.6000000000000001","0.35000000000000003","0.1","3","1.05","0.1","0","false","100","105","true","false","""1940889369""","0.614754","0.614754","0.614754","0","0.614754"
"1","252","350","0.34500000000000003","0.335","0.825","0.6000000000000001","0.35000000000000003","0.1","3","1.05","0.1","0","false","100","105","true","false","""444984888""","0.767213","0.767213","0.767213","0","0.767213"
"1","253","350","0.375","0.28500000000000003","0.605","1","0.9500000000000001","0.1","3","1.05","0.1","0","false","100","105","true","false","""-296780457""","1.097268","1.097268","1.097268","0","1.097268"
"1","254","350","0.375","0.28500000000000003","0.605","1","0.9500000000000001","0.1","3","1.05","0.1","0","false","100","105","true","false","""653928915""","0.983607","0.983607","0.983607","0","0.983607"
"1","255","350","0.375","0.28500000000000003","0.605","1","0.9500000000000001","0.1","3","1.05","0.1","0","false","100","105","true","false","""-462612649""","1.048634","1.048634","1.048634","0","1.048634"
"1","256","350","0.375","0.28500000000000003","0.605","1","0.9500000000000001","0.1","3","1.05","0.1","0","false","100","105","true","false","""1948381047""","1.036066","1.036066","1.036066","0","1.036066"
"1","257","350","0.375","0.28500000000000003","0.605","1","0.9500000000000001","0.1","3","1.05","0.1","0","false","100","105","true","false","""2065411886""","1.148087","1.148087","1.148087","0","1.148087"
"1","258","350","0.375","0.28500000000000003","0.605","1","0.9500000000000001","0.1","3","1.05","0.1","0","false","100","105","true","false","""-428664070""","1.050273","1.050273","1.050273","0","1.050273"
"1","259","350","0.375","0.28500000000000003","0.605","1","0.9500000000000001","0.1","3","1.05","0.1","0","false","100","105","true","false","""-1075481501""","1.021858","1.021858","1.021858","0","1.021858"
"1","260","350","0.385","0.8550000000000001","0.845","0.7000000000000001","0","0.1","3","1.05","0.1","0","false","100","105","true","false","""-1612762886""","0.296721","0.296721","0.296721","0","0.296721"
"1","261","350","0.385","0.8550000000000001","0.845","0.7000000000000001","0","0.1","3","1.05","0.1","0","false","100","105","true","false","""45038384""","0.322951","0.322951","0.322951","0","0.322951"
"1","262","350","0.385","0.8550000000000001","0.845","0.7000000000000001","0","0.1","3","1.05","0.1","0","false","100","105","true","false","""914319635""","0.297268","0.297268","0.297268","0","0.297268"
"1","263","350","0.385","0.8550000000000001","0.845","0.7000000000000001","0","0.1","3","1.05","0.1","0","false","100","105","true","false","""-1320423989""","0.316393","0.316393","0.316393","0","0.316393"
"1","264","350","0.385","0.8550000000000001","0.845","0.7000000000000001","0","0.1","3","1.05","0.1","0","false","100","105","true","false","""663541002""","0.346995","0.346995","0.346995","0","0.346995"
"1","265","350","0.385","0.8550000000000001","0.845","0.7000000000000001","0","0.1","3","1.05","0.1","0","false","100","105","true","false","""564784601""","0.303279","0.303279","0.303279","0","0.303279"
"1","266","350","0.385","0.8550000000000001","0.845","0.7000000000000001","0","0.1","3","1.05","0.1","0","false","100","105","true","false","""1783085422""","0.302186","0.302186","0.302186","0","0.302186"
"1","267","350","0.405","0.275","0.9450000000000001","1","0.8500000000000001","0.1","3","1.05","0.1","0","false","100","105","true","false","""100137857""","0.578142","0.578142","0.578142","0","0.578142"
"1","268","350","0.405","0.275","0.9450000000000001","1","0.8500000000000001","0.1","3","1.05","0.1","0","false","100","105","true","false","""-2002127623""","0.615301","0.615301","0.615301","0","0.615301"
"1","269","350","0.405","0.275","0.9450000000000001","1","0.8500000000000001","0.1","3","1.05","0.1","0","false","100","105","true","false","""1001598266""","0.580874","0.580874","0.580874","0","0.580874"
"1","270","350","0.405","0.275","0.9450000000000001","1","0.8500000000000001","0.1","3","1.05","0.1","0","false","100","105","true","false","""-1905928895""","0.608197","0.608197","0.608197","0","0.608197"
"1","271","350","0.405","0.275","0.9450000000000001","1","0.8500000000000001","0.1","3","1.05","0.1","0","false","100","105","true","false","""-159994175""","0.581967","0.581967","0.581967","0","0.581967"
"1","272","350","0.405","0.275","0.9450000000000001","1","0.8500000000000001","0.1","3","1.05","0.1","0","false","100","105","true","false","""2097824705""","0.584153","0.584153","0.584153","0","0.584153"
"1","273","350","0.405","0.275","0.9450000000000001","1","0.8500000000000001","0.1","3","1.05","0.1","0","false","100","105","true","false","""-746999980""","0.615301","0.615301","0.615301","0","0.615301"
"1","274","350","0.065","0.8450000000000001","0.6950000000000001","0","0.25","0.1","3","1.05","0.1","0","false","100","105","true","false","""2131950976""","1.725683","1.725683","1.725683","0","1.725683"
"1","275","350","0.065","0.8450000000000001","0.6950000000000001","0","0.25","0.1","3","1.05","0.1","0","false","100","105","true","false","""1484269402""","1.760109","1.760109","1.760109","0","1.760109"
"1","276","350","0.065","0.8450000000000001","0.6950000000000001","0","0.25","0.1","3","1.05","0.1","0","false","100","105","true","false","""1248997341""","1.736066","1.736066","1.736066","0","1.736066"
"1","277","350","0.065","0.8450000000000001","0.6950000000000001","0","0.25","0.1","3","1.05","0.1","0","false","100","105","true","false","""1912492658""","1.710929","1.710929","1.710929","0","1.710929"
"1","278","350","0.065","0.8450000000000001","0.6950000000000001","0","0.25","0.1","3","1.05","0.1","0","false","100","105","true","false","""-1785009124""","1.721858","1.721858","1.721858","0","1.721858"
"1","279","350","0.065","0.8450000000000001","0.6950000000000001","0","0.25","0.1","3","1.05","0.1","0","false","100","105","true","false","""515749890""","1.763388","1.763388","1.763388","0","1.763388"
"1","280","350","0.065","0.8450000000000001","0.6950000000000001","0","0.25","0.1","3","1.05","0.1","0","false","100","105","true","false","""-1977894570""","1.740437","1.740437","1.740437","0","1.740437"
"1","281","350","0.10500000000000001","0.545","0.585","0.75","0.6000000000000001","0.1","3","1.05","0.1","0","false","100","105","true","false","""1205945687""","1.142623","1.142623","1.142623","0","1.142623"
"1","282","350","0.10500000000000001","0.545","0.585","0.75","0.6000000000000001","0.1","3","1.05","0.1","0","false","100","105","true","false","""-993236825""","1.166667","1.166667","1.166667","0","1.166667"
"1","283","350","0.10500000000000001","0.545","0.585","0.75","0.6000000000000001","0.1","3","1.05","0.1","0","false","100","105","true","false","""705081369""","1.089617","1.089617","1.089617","0","1.089617"
"1","284","350","0.10500000000000001","0.545","0.585","0.75","0.6000000000000001","0.1","3","1.05","0.1","0","false","100","105","true","false","""887252761""","1.101093","1.101093","1.101093","0","1.101093"
"1","285","350","0.10500000000000001","0.545","0.585","0.75","0.6000000000000001","0.1","3","1.05","0.1","0","false","100","105","true","false","""1850191658""","1.202186","1.202186","1.202186","0","1.202186"
"1","286","350","0.10500000000000001","0.545","0.585","0.75","0.6000000000000001","0.1","3","1.05","0.1","0","false","100","105","true","false","""617543268""","1.134973","1.134973","1.134973","0","1.134973"
"1","287","350","0.10500000000000001","0.545","0.585","0.75","0.6000000000000001","0.1","3","1.05","0.1","0","false","100","105","true","false","""666500822""","1.145902","1.145902","1.145902","0","1.145902"
"1","288","350","0.115","0.805","0.9650000000000001","0.9","0.7000000000000001","0.1","3","1.05","0.1","0","false","100","105","true","false","""467306077""","0.493443","0.493443","0.493443","0","0.493443"
"1","289","350","0.115","0.805","0.9650000000000001","0.9","0.7000000000000001","0.1","3","1.05","0.1","0","false","100","105","true","false","""-1696678898""","0.468306","0.468306","0.468306","0","0.468306"
"1","290","350","0.115","0.805","0.9650000000000001","0.9","0.7000000000000001","0.1","3","1.05","0.1","0","false","100","105","true","false","""-2141839354""","0.482514","0.482514","0.482514","0","0.482514"
"1","291","350","0.115","0.805","0.9650000000000001","0.9","0.7000000000000001","0.1","3","1.05","0.1","0","false","100","105","true","false","""693723445""","0.468852","0.468852","0.468852","0","0.468852"
"1","292","350","0.115","0.805","0.9650000000000001","0.9","0.7000000000000001","0.1","3","1.05","0.1","0","false","100","105","true","false","""-1287501840""","0.455738","0.455738","0.455738","0","0.455738"
"1","293","350","0.115","0.805","0.9650000000000001","0.9","0.7000000000000001","0.1","3","1.05","0.1","0","false","100","105","true","false","""-1630561098""","0.446448","0.446448","0.446448","0","0.446448"
"1","294","350","0.115","0.805","0.9650000000000001","0.9","0.7000000000000001","0.1","3","1.05","0.1","0","false","100","105","true","false","""-564903826""","0.487432","0.487432","0.487432","0","0.487432"
"1","295","350","0.17500000000000002","0.145","0.535","0.1","0.65","0.1","3","1.05","0.1","0","false","100","105","true","false","""-1610918664""","0.428962","0.428962","0.428962","0","0.428962"
"1","296","350","0.17500000000000002","0.145","0.535","0.1","0.65","0.1","3","1.05","0.1","0","false","100","105","true","false","""1096940810""","0.424044","0.424044","0.424044","0","0.424044"
"1","297","350","0.17500000000000002","0.145","0.535","0.1","0.65","0.1","3","1.05","0.1","0","false","100","105","true","false","""-1764873178""","0.420765","0.420765","0.420765","0","0.420765"
"1","298","350","0.17500000000000002","0.145","0.535","0.1","0.65","0.1","3","1.05","0.1","0","false","100","105","true","false","""1204200995""","0.446995","0.446995","0.446995","0","0.446995"
"1","299","350","0.17500000000000002","0.145","0.535","0.1","0.65","0.1","3","1.05","0.1","0","false","100","105","true","false","""-2057543499""","0.42623","0.42623","0.42623","0","0.42623"
"1","300","350","0.17500000000000002","0.145","0.535","0.1","0.65","0.1","3","1.05","0.1","0","false","100","105","true","false","""-482858733""","0.43224","0.43224","0.43224","0","0.43224"
"1","301","350","0.17500000000000002","0.145","0.535","0.1","0.65","0.1","3","1.05","0.1","0","false","100","105","true","false","""396923807""","0.430601","0.430601","0.430601","0","0.430601"
"1","302","350","0.495","0.6150000000000001","0.895","0.2","0.2","0.1","3","1.05","0.1","0","false","100","105","true","false","""1903821254""","1.392896","1.392896","1.392896","0","1.392896"
"1","303","350","0.495","0.6150000000000001","0.895","0.2","0.2","0.1","3","1.05","0.1","0","false","100","105","true","false","""1185729298""","1.668852","1.668852","1.668852","0","1.668852"
"1","304","350","0.495","0.6150000000000001","0.895","0.2","0.2","0.1","3","1.05","0.1","0","false","100","105","true","false","""484254141""","1.772678","1.772678","1.772678","0","1.772678"
"1","305","350","0.495","0.6150000000000001","0.895","0.2","0.2","0.1","3","1.05","0.1","0","false","100","105","true","false","""192020486""","1.851366","1.851366","1.851366","0","1.851366"
"1","306","350","0.495","0.6150000000000001","0.895","0.2","0.2","0.1","3","1.05","0.1","0","false","100","105","true","false","""-1919032499""","1.914208","1.914208","1.914208","0","1.914208"
"1","307","350","0.495","0.6150000000000001","0.895","0.2","0.2","0.1","3","1.05","0.1","0","false","100","105","true","false","""1042173393""","1.448087","1.448087","1.448087","0","1.448087"
"1","308","350","0.495","0.6150000000000001","0.895","0.2","0.2","0.1","3","1.05","0.1","0","false","100","105","true","false","""-1671615457""","1.816393","1.816393","1.816393","0","1.816393"
"1","309","350","0.165","0.645","0.545","0.05","0.9","0.1","3","1.05","0.1","0","false","100","105","true","false","""-1216413856""","0.421858","0.421858","0.421858","0","0.421858"
"1","310","350","0.165","0.645","0.545","0.05","0.9","0.1","3","1.05","0.1","0","false","100","105","true","false","""1021071604""","0.371585","0.371585","0.371585","0","0.371585"
"1","311","350","0.165","0.645","0.545","0.05","0.9","0.1","3","1.05","0.1","0","false","100","105","true","false","""591772886""","0.370492","0.370492","0.370492","0","0.370492"
"1","312","350","0.165","0.645","0.545","0.05","0.9","0.1","3","1.05","0.1","0","false","100","105","true","false","""-2043587826""","0.36612","0.36612","0.36612","0","0.36612"
"1","313","350","0.165","0.645","0.545","0.05","0.9","0.1","3","1.05","0.1","0","false","100","105","true","false","""1557658613""","0.382514","0.382514","0.382514","0","0.382514"
"1","314","350","0.165","0.645","0.545","0.05","0.9","0.1","3","1.05","0.1","0","false","100","105","true","false","""683598328""","0.415847","0.415847","0.415847","0","0.415847"
"1","315","350","0.165","0.645","0.545","0.05","0.9","0.1","3","1.05","0.1","0","false","100","105","true","false","""685427693""","0.367213","0.367213","0.367213","0","0.367213"
"1","316","350","0.07500000000000001","0.555","0.645","0.6000000000000001","0.4","0.1","3","1.05","0.1","0","false","100","105","true","false","""1411739688""","1.19235","1.19235","1.19235","0","1.19235"
"1","317","350","0.07500000000000001","0.555","0.645","0.6000000000000001","0.4","0.1","3","1.05","0.1","0","false","100","105","true","false","""-369411295""","1.046995","1.046995","1.046995","0","1.046995"
"1","318","350","0.07500000000000001","0.555","0.645","0.6000000000000001","0.4","0.1","3","1.05","0.1","0","false","100","105","true","false","""1533502273""","1.062842","1.062842","1.062842","0","1.062842"
"1","319","350","0.07500000000000001","0.555","0.645","0.6000000000000001","0.4","0.1","3","1.05","0.1","0","false","100","105","true","false","""1986252323""","1.103279","1.103279","1.103279","0","1.103279"
"1","320","350","0.07500000000000001","0.555","0.645","0.6000000000000001","0.4","0.1","3","1.05","0.1","0","false","100","105","true","false","""323869000""","1.108743","1.108743","1.108743","0","1.108743"
"1","321","350","0.07500000000000001","0.555","0.645","0.6000000000000001","0.4","0.1","3","1.05","0.1","0","false","100","105","true","false","""-332516330""","1.051366","1.051366","1.051366","0","1.051366"
"1","322","350","0.07500000000000001","0.555","0.645","0.6000000000000001","0.4","0.1","3","1.05","0.1","0","false","100","105","true","false","""-1786043817""","1.155191","1.155191","1.155191","0","1.155191"
"1","323","350","0.085","0.465","0.635","0.4","0.75","0.1","3","1.05","0.1","0","false","100","105","true","false","""2008475308""","0.967213","0.967213","0.967213","0","0.967213"
"1","324","350","0.085","0.465","0.635","0.4","0.75","0.1","3","1.05","0.1","0","false","100","105","true","false","""-614617613""","0.813661","0.813661","0.813661","0","0.813661"
"1","325","350","0.085","0.465","0.635","0.4","0.75","0.1","3","1.05","0.1","0","false","100","105","true","false","""-1097369696""","0.922951","0.922951","0.922951","0","0.922951"
"1","326","350","0.085","0.465","0.635","0.4","0.75","0.1","3","1.05","0.1","0","false","100","105","true","false","""-723773425""","0.922951","0.922951","0.922951","0","0.922951"
"1","327","350","0.085","0.465","0.635","0.4","0.75","0.1","3","1.05","0.1","0","false","100","105","true","false","""-752581118""","0.919672","0.919672","0.919672","0","0.919672"
"1","328","350","0.085","0.465","0.635","0.4","0.75","0.1","3","1.05","0.1","0","false","100","105","true","false","""-619558666""","0.806011","0.806011","0.806011","0","0.806011"
"1","329","350","0.085","0.465","0.635","0.4","0.75","0.1","3","1.05","0.1","0","false","100","105","true","false","""1712260807""","0.893443","0.893443","0.893443","0","0.893443"
"1","330","350","0.165","0.235","0.925","0.1","0.30000000000000004","0.1","3","1.05","0.1","0","false","100","105","true","false","""-210897702""","0.812022","0.812022","0.812022","0","0.812022"
"1","331","350","0.165","0.235","0.925","0.1","0.30000000000000004","0.1","3","1.05","0.1","0","false","100","105","true","false","""-1880805825""","0.795082","0.795082","0.795082","0","0.795082"
"1","332","350","0.165","0.235","0.925","0.1","0.30000000000000004","0.1","3","1.05","0.1","0","false","100","105","true","false","""1929375561""","0.797814","0.797814","0.797814","0","0.797814"
"1","333","350","0.165","0.235","0.925","0.1","0.30000000000000004","0.1","3","1.05","0.1","0","false","100","105","true","false","""310605724""","0.797268","0.797268","0.797268","0","0.797268"
"1","334","350","0.165","0.235","0.925","0.1","0.30000000000000004","0.1","3","1.05","0.1","0","false","100","105","true","false","""-1558939750""","0.803279","0.803279","0.803279","0","0.803279"
"1","335","350","0.165","0.235","0.925","0.1","0.30000000000000004","0.1","3","1.05","0.1","0","false","100","105","true","false","""-718339842""","0.797814","0.797814","0.797814","0","0.797814"
"1","336","350","0.165","0.235","0.925","0.1","0.30000000000000004","0.1","3","1.05","0.1","0","false","100","105","true","false","""179158438""","0.787978","0.787978","0.787978","0","0.787978"
"1","337","350","0.045","0.175","0.9550000000000001","0.65","0.45","0.1","3","1.05","0.1","0","false","100","105","true","false","""1906723322""","0.701639","0.701639","0.701639","0","0.701639"
"1","338","350","0.045","0.175","0.9550000000000001","0.65","0.45","0.1","3","1.05","0.1","0","false","100","105","true","false","""-1508098841""","0.698361","0.698361","0.698361","0","0.698361"
"1","339","350","0.045","0.175","0.9550000000000001","0.65","0.45","0.1","3","1.05","0.1","0","false","100","105","true","false","""-55637376""","0.7","0.7","0.7","0","0.7"
"1","340","350","0.045","0.175","0.9550000000000001","0.65","0.45","0.1","3","1.05","0.1","0","false","100","105","true","false","""654999204""","0.68306","0.68306","0.68306","0","0.68306"
"1","341","350","0.045","0.175","0.9550000000000001","0.65","0.45","0.1","3","1.05","0.1","0","false","100","105","true","false","""857774868""","0.704918","0.704918","0.704918","0","0.704918"
"1","342","350","0.045","0.175","0.9550000000000001","0.65","0.45","0.1","3","1.05","0.1","0","false","100","105","true","false","""-811845165""","0.736066","0.736066","0.736066","0","0.736066"
"1","343","350","0.045","0.175","0.9550000000000001","0.65","0.45","0.1","3","1.05","0.1","0","false","100","105","true","false","""768052002""","0.703279","0.703279","0.703279","0","0.703279"
"1","344","350","0.445","0.7250000000000001","0.985","1","0","0.1","3","1.05","0.1","0","false","100","105","true","false","""-497761774""","0.543169","0.543169","0.543169","0","0.543169"
"1","345","350","0.445","0.7250000000000001","0.985","1","0","0.1","3","1.05","0.1","0","false","100","105","true","false","""-348992100""","0.573224","0.573224","0.573224","0","0.573224"
"1","346","350","0.445","0.7250000000000001","0.985","1","0","0.1","3","1.05","0.1","0","false","100","105","true","false","""-767651552""","0.563388","0.563388","0.563388","0","0.563388"
"1","347","350","0.445","0.7250000000000001","0.985","1","0","0.1","3","1.05","0.1","0","false","100","105","true","false","""179835627""","0.578689","0.578689","0.578689","0","0.578689"
"1","348","350","0.445","0.7250000000000001","0.985","1","0","0.1","3","1.05","0.1","0","false","100","105","true","false","""288556167""","0.555191","0.555191","0.555191","0","0.555191"
"1","349","350","0.445","0.7250000000000001","0.985","1","0","0.1","3","1.05","0.1","0","false","100","105","true","false","""-747495223""","0.563934","0.563934","0.563934","0","0.563934"
"1","350","350","0.445","0.7250000000000001","0.985","1","0","0.1","3","1.05","0.1","0","false","100","105","true","false","""1106471654""","0.561749","0.561749","0.561749","0","0.561749"
